<?xml version="1.0" encoding="UTF-8"?>
<GenRun Id="link_Executs32_0_0_synth_1" LaunchPart="xc7a100tfgg484-1" LaunchTime="1621339735">
  <File Type="PA-TCL" Name="link_Executs32_0_0.tcl"/>
  <File Type="REPORTS-TCL" Name="link_Executs32_0_0_reports.tcl"/>
  <File Type="RDS-RDS" Name="link_Executs32_0_0.vds"/>
  <File Type="RDS-UTIL" Name="link_Executs32_0_0_utilization_synth.rpt"/>
  <File Type="RDS-UTIL-PB" Name="link_Executs32_0_0_utilization_synth.pb"/>
  <File Type="RDS-DCP" Name="link_Executs32_0_0.dcp"/>
  <FileSet Name="sources" Type="BlockSrcs" RelSrcDir="$PSRCDIR/link_Executs32_0_0">
    <File Path="$PSRCDIR/sources_1/bd/link/ip/link_Executs32_0_0/link_Executs32_0_0.xci">
      <FileInfo>
        <Attr Name="Library" Val="xil_defaultlib"/>
        <Attr Name="ImportPath" Val="$PPRDIR/../../../大二下/computer organization/Proj-test/ProjTest/ProjTest.srcs/sources_1/bd/link/ip/link_Executs32_0_0/link_Executs32_0_0.xci"/>
        <Attr Name="ImportTime" Val="0"/>
        <Attr Name="UsedIn" Val="synthesis"/>
        <Attr Name="UsedIn" Val="implementation"/>
        <Attr Name="UsedIn" Val="simulation"/>
        <Attr Name="ProcessingOrder" Val="EARLY"/>
      </FileInfo>
    </File>
    <Config>
      <Option Name="TopModule" Val="link_Executs32_0_0"/>
      <Option Name="UseBlackboxStub" Val="1"/>
    </Config>
  </FileSet>
  <FileSet Name="constrs_in" Type="BlockSrcs" RelSrcDir="$PSRCDIR/link_Executs32_0_0">
    <File Path="$PSRCDIR/sources_1/bd/link/ip/link_Executs32_0_0/link_Executs32_0_0.xci">
      <FileInfo>
        <Attr Name="Library" Val="xil_defaultlib"/>
        <Attr Name="ImportPath" Val="$PPRDIR/../../../大二下/computer organization/Proj-test/ProjTest/ProjTest.srcs/sources_1/bd/link/ip/link_Executs32_0_0/link_Executs32_0_0.xci"/>
        <Attr Name="ImportTime" Val="0"/>
        <Attr Name="UsedIn" Val="synthesis"/>
        <Attr Name="UsedIn" Val="implementation"/>
        <Attr Name="UsedIn" Val="simulation"/>
        <Attr Name="ProcessingOrder" Val="EARLY"/>
      </FileInfo>
    </File>
    <Config>
      <Option Name="TopModule" Val="link_Executs32_0_0"/>
      <Option Name="UseBlackboxStub" Val="1"/>
    </Config>
  </FileSet>
  <Strategy Version="1" Minor="2">
    <StratHandle Name="Vivado Synthesis Defaults" Flow="Vivado Synthesis 2017"/>
    <Step Id="synth_design"/>
  </Strategy>
</GenRun>
