<?xml version="1.0" encoding="UTF-8"?>
<GenRun Id="impl_1" LaunchPart="xc7a100tfgg484-1" LaunchTime="1621352287">
  <File Type="ROUTE-PWR" Name="main_power_routed.rpt"/>
  <File Type="PA-TCL" Name="main.tcl"/>
  <File Type="PWROPT-DCP" Name="main_pwropt.dcp"/>
  <File Type="ROUTE-PWR-SUM" Name="main_power_summary_routed.pb"/>
  <File Type="REPORTS-TCL" Name="main_reports.tcl"/>
  <File Type="BG-DRC" Name="main.drc"/>
  <File Type="OPT-HWDEF" Name="main.hwdef"/>
  <File Type="OPT-DCP" Name="main_opt.dcp"/>
  <File Type="OPT-DRC" Name="main_drc_opted.rpt"/>
  <File Type="PLACE-DCP" Name="main_placed.dcp"/>
  <File Type="PLACE-IO" Name="main_io_placed.rpt"/>
  <File Type="PLACE-UTIL" Name="main_utilization_placed.rpt"/>
  <File Type="PLACE-UTIL-PB" Name="main_utilization_placed.pb"/>
  <File Type="PLACE-CTRL" Name="main_control_sets_placed.rpt"/>
  <File Type="PLACE-PRE-SIMILARITY" Name="main_incremental_reuse_pre_placed.rpt"/>
  <File Type="POSTPLACE-PWROPT-DCP" Name="main_postplace_pwropt.dcp"/>
  <File Type="PHYSOPT-DCP" Name="main_physopt.dcp"/>
  <File Type="BG-BIT" Name="main.bit"/>
  <File Type="ROUTE-ERROR-DCP" Name="main_routed_error.dcp"/>
  <File Type="ROUTE-DCP" Name="main_routed.dcp"/>
  <File Type="ROUTE-BLACKBOX-DCP" Name="main_routed_bb.dcp"/>
  <File Type="ROUTE-DRC" Name="main_drc_routed.rpt"/>
  <File Type="ROUTE-DRC-PB" Name="main_drc_routed.pb"/>
  <File Type="ROUTE-DRC-RPX" Name="main_drc_routed.rpx"/>
  <File Type="BITSTR-MSK" Name="main.msk"/>
  <File Type="ROUTE-METHODOLOGY-DRC" Name="main_methodology_drc_routed.rpt"/>
  <File Type="BG-BGN" Name="main.bgn"/>
  <File Type="ROUTE-METHODOLOGY-DRC-RPX" Name="main_methodology_drc_routed.rpx"/>
  <File Type="BITSTR-RBT" Name="main.rbt"/>
  <File Type="ROUTE-METHODOLOGY-DRC-PB" Name="main_methodology_drc_routed.pb"/>
  <File Type="BG-BIN" Name="main.bin"/>
  <File Type="ROUTE-PWR-RPX" Name="main_power_routed.rpx"/>
  <File Type="ROUTE-STATUS" Name="main_route_status.rpt"/>
  <File Type="ROUTE-STATUS-PB" Name="main_route_status.pb"/>
  <File Type="ROUTE-TIMINGSUMMARY" Name="main_timing_summary_routed.rpt"/>
  <File Type="ROUTE-TIMING-PB" Name="main_timing_summary_routed.pb"/>
  <File Type="ROUTE-TIMING-RPX" Name="main_timing_summary_routed.rpx"/>
  <File Type="ROUTE-CLK" Name="main_clock_utilization_routed.rpt"/>
  <File Type="RDI-RDI" Name="main.vdi"/>
  <File Type="POSTROUTE-PHYSOPT-DCP" Name="main_postroute_physopt.dcp"/>
  <File Type="POSTROUTE-PHYSOPT-BLACKBOX-DCP" Name="main_postroute_physopt_bb.dcp"/>
  <File Type="BITSTR-NKY" Name="main.nky"/>
  <File Type="BITSTR-BMM" Name="main_bd.bmm"/>
  <File Type="BITSTR-MMI" Name="main.mmi"/>
  <File Type="BITSTR-LTX" Name="main.ltx"/>
  <File Type="BITSTR-SYSDEF" Name="main.sysdef"/>
  <File Type="WBT-USG" Name="usage_statistics_webtalk.html"/>
  <FileSet Name="sources" Type="DesignSrcs" RelSrcDir="$PSRCDIR/sources_1">
    <Filter Type="Srcs"/>
    <File Path="$PSRCDIR/sources_1/ip/RAM/RAM.xci">
      <FileInfo>
        <Attr Name="ImportPath" Val="$PPRDIR/../../../大二下/computer organization/Proj-test/ProjTest/ProjTest.srcs/sources_1/ip/RAM/RAM.xci"/>
        <Attr Name="ImportTime" Val="1621168667"/>
        <Attr Name="UsedIn" Val="synthesis"/>
        <Attr Name="UsedIn" Val="implementation"/>
        <Attr Name="UsedIn" Val="simulation"/>
      </FileInfo>
    </File>
    <File Path="$PSRCDIR/sources_1/ip/prgrom/prgrom.xci">
      <FileInfo>
        <Attr Name="ImportPath" Val="$PPRDIR/../../../大二下/computer organization/Proj-test/ProjTest/ProjTest.srcs/sources_1/ip/prgrom/prgrom.xci"/>
        <Attr Name="ImportTime" Val="1621262433"/>
        <Attr Name="UsedIn" Val="synthesis"/>
        <Attr Name="UsedIn" Val="implementation"/>
        <Attr Name="UsedIn" Val="simulation"/>
      </FileInfo>
    </File>
    <File Path="$PSRCDIR/sources_1/ip/cpuclk/cpuclk.xci">
      <FileInfo>
        <Attr Name="ImportPath" Val="$PPRDIR/../../../大二下/computer organization/project/top_test/top/top.srcs/sources_1/ip/cpuclk/cpuclk.xci"/>
        <Attr Name="ImportTime" Val="1621505340"/>
        <Attr Name="UsedIn" Val="synthesis"/>
        <Attr Name="UsedIn" Val="implementation"/>
        <Attr Name="UsedIn" Val="simulation"/>
      </FileInfo>
    </File>
    <File Path="$PSRCDIR/sources_1/new/Executs32.v">
      <FileInfo>
        <Attr Name="ImportPath" Val="$PPRDIR/../../../大二下/computer organization/Proj-test/ProjTest/ProjTest.srcs/sources_1/new/Executs32.v"/>
        <Attr Name="ImportTime" Val="1621004862"/>
        <Attr Name="UsedIn" Val="synthesis"/>
        <Attr Name="UsedIn" Val="implementation"/>
        <Attr Name="UsedIn" Val="simulation"/>
      </FileInfo>
    </File>
    <File Path="$PSRCDIR/sources_1/new/IFetc32.v">
      <FileInfo>
        <Attr Name="ImportPath" Val="$PPRDIR/../../../大二下/computer organization/Proj-test/ProjTest/ProjTest.srcs/sources_1/new/IFetc32.v"/>
        <Attr Name="ImportTime" Val="1621265720"/>
        <Attr Name="UsedIn" Val="synthesis"/>
        <Attr Name="UsedIn" Val="implementation"/>
        <Attr Name="UsedIn" Val="simulation"/>
      </FileInfo>
    </File>
    <File Path="$PSRCDIR/sources_1/new/Idecoder32.v">
      <FileInfo>
        <Attr Name="ImportPath" Val="$PPRDIR/../../../大二下/computer organization/Proj-test/ProjTest/ProjTest.srcs/sources_1/new/Idecoder32.v"/>
        <Attr Name="ImportTime" Val="1620380493"/>
        <Attr Name="UsedIn" Val="synthesis"/>
        <Attr Name="UsedIn" Val="implementation"/>
        <Attr Name="UsedIn" Val="simulation"/>
      </FileInfo>
    </File>
    <File Path="$PSRCDIR/sources_1/new/MemOrIO.v">
      <FileInfo>
        <Attr Name="ImportPath" Val="$PPRDIR/../../../大二下/computer organization/project/top_test/top/top.srcs/sources_1/new/MemOrIO.v"/>
        <Attr Name="ImportTime" Val="1621496209"/>
        <Attr Name="UsedIn" Val="synthesis"/>
        <Attr Name="UsedIn" Val="implementation"/>
        <Attr Name="UsedIn" Val="simulation"/>
      </FileInfo>
    </File>
    <File Path="$PSRCDIR/sources_1/new/controller.v">
      <FileInfo>
        <Attr Name="ImportPath" Val="$PPRDIR/../../../大二下/computer organization/Proj-test/ProjTest/ProjTest.srcs/sources_1/new/controller.v"/>
        <Attr Name="ImportTime" Val="1620733870"/>
        <Attr Name="UsedIn" Val="synthesis"/>
        <Attr Name="UsedIn" Val="implementation"/>
        <Attr Name="UsedIn" Val="simulation"/>
      </FileInfo>
    </File>
    <File Path="$PSRCDIR/sources_1/new/dmemory32.v">
      <FileInfo>
        <Attr Name="ImportPath" Val="$PPRDIR/../../../大二下/computer organization/Proj-test/ProjTest/ProjTest.srcs/sources_1/new/dmemory32.v"/>
        <Attr Name="ImportTime" Val="1621217446"/>
        <Attr Name="UsedIn" Val="synthesis"/>
        <Attr Name="UsedIn" Val="implementation"/>
        <Attr Name="UsedIn" Val="simulation"/>
      </FileInfo>
    </File>
    <File Path="$PSRCDIR/sources_1/new/leds.v">
      <FileInfo>
        <Attr Name="ImportPath" Val="$PPRDIR/../../../大二下/computer organization/project/top_test/top/top.srcs/sources_1/new/leds.v"/>
        <Attr Name="ImportTime" Val="1621496209"/>
        <Attr Name="UsedIn" Val="synthesis"/>
        <Attr Name="UsedIn" Val="implementation"/>
        <Attr Name="UsedIn" Val="simulation"/>
      </FileInfo>
    </File>
    <File Path="$PSRCDIR/sources_1/new/switchs.v">
      <FileInfo>
        <Attr Name="ImportPath" Val="$PPRDIR/../../../大二下/computer organization/project/top_test/top/top.srcs/sources_1/new/switchs.v"/>
        <Attr Name="ImportTime" Val="1621496209"/>
        <Attr Name="UsedIn" Val="synthesis"/>
        <Attr Name="UsedIn" Val="implementation"/>
        <Attr Name="UsedIn" Val="simulation"/>
      </FileInfo>
    </File>
    <File Path="$PSRCDIR/sources_1/new/main.v">
      <FileInfo>
        <Attr Name="ImportPath" Val="$PPRDIR/../../../大二下/computer organization/Proj-test/ProjTest/ProjTest.srcs/sources_1/new/main.v"/>
        <Attr Name="ImportTime" Val="1621266736"/>
        <Attr Name="UsedIn" Val="synthesis"/>
        <Attr Name="UsedIn" Val="implementation"/>
        <Attr Name="UsedIn" Val="simulation"/>
      </FileInfo>
    </File>
    <File Path="$PPRDIR/../../../大二下/computer organization/project/top_test/top/top.srcs/sources_1/new/control32.v">
      <FileInfo>
        <Attr Name="AutoDisabled" Val="1"/>
        <Attr Name="UsedIn" Val="synthesis"/>
        <Attr Name="UsedIn" Val="implementation"/>
        <Attr Name="UsedIn" Val="simulation"/>
      </FileInfo>
    </File>
    <File Path="$PSRCDIR/sources_1/bd/link/link.bd">
      <FileInfo>
        <Attr Name="AutoDisabled" Val="1"/>
        <Attr Name="ImportPath" Val="$PPRDIR/../../../大二下/computer organization/Proj-test/ProjTest/ProjTest.srcs/sources_1/bd/link/link.bd"/>
        <Attr Name="ImportTime" Val="1621177133"/>
        <Attr Name="UsedIn" Val="synthesis"/>
        <Attr Name="UsedIn" Val="implementation"/>
        <Attr Name="UsedIn" Val="simulation"/>
      </FileInfo>
    </File>
    <File Path="$PSRCDIR/sources_1/new/proj_test.v">
      <FileInfo>
        <Attr Name="AutoDisabled" Val="1"/>
        <Attr Name="ImportPath" Val="$PPRDIR/../../../大二下/computer organization/Proj-test/ProjTest/ProjTest.srcs/sources_1/new/proj_test.v"/>
        <Attr Name="ImportTime" Val="1621168140"/>
        <Attr Name="UsedIn" Val="synthesis"/>
        <Attr Name="UsedIn" Val="implementation"/>
        <Attr Name="UsedIn" Val="simulation"/>
      </FileInfo>
    </File>
    <File Path="$PSRCDIR/sources_1/ip/RAM/dmem32.coe">
      <FileInfo>
        <Attr Name="ImportPath" Val="$PPRDIR/../../../大二下/computer organization/Proj-test/ProjTest/ProjTest.srcs/sources_1/ip/RAM/dmem32.coe"/>
        <Attr Name="ImportTime" Val="1621262343"/>
        <Attr Name="UsedIn" Val="synthesis"/>
        <Attr Name="UsedIn" Val="simulation"/>
      </FileInfo>
    </File>
    <File Path="$PSRCDIR/sources_1/ip/prgrom/prgmip32.coe">
      <FileInfo>
        <Attr Name="ImportPath" Val="$PPRDIR/../../../大二下/computer organization/Proj-test/ProjTest/ProjTest.srcs/sources_1/ip/prgrom/prgmip32.coe"/>
        <Attr Name="ImportTime" Val="1621264018"/>
        <Attr Name="UsedIn" Val="synthesis"/>
        <Attr Name="UsedIn" Val="simulation"/>
      </FileInfo>
    </File>
    <File Path="$PSRCDIR/sources_1/ip/prgrom/prgmip32a.coe">
      <FileInfo>
        <Attr Name="ImportPath" Val="$PPRDIR/../../../大二下/computer organization/Proj-test/ProjTest/ProjTest.srcs/sources_1/ip/prgrom/prgmip32a.coe"/>
        <Attr Name="ImportTime" Val="1621180767"/>
        <Attr Name="UsedIn" Val="synthesis"/>
        <Attr Name="UsedIn" Val="simulation"/>
      </FileInfo>
    </File>
    <Config>
      <Option Name="DesignMode" Val="RTL"/>
      <Option Name="TopModule" Val="main"/>
      <Option Name="TopAutoSet" Val="TRUE"/>
    </Config>
  </FileSet>
  <FileSet Name="constrs_in" Type="Constrs" RelSrcDir="$PSRCDIR/constrs_1">
    <Filter Type="Constrs"/>
    <File Path="$PSRCDIR/constrs_1/new/constrain.xdc">
      <FileInfo>
        <Attr Name="ImportPath" Val="$PPRDIR/../../../大二下/computer organization/project/top_test/top/top.srcs/constrs_1/new/constrain.xdc"/>
        <Attr Name="ImportTime" Val="1621496209"/>
        <Attr Name="UsedIn" Val="synthesis"/>
        <Attr Name="UsedIn" Val="implementation"/>
      </FileInfo>
    </File>
    <Config>
      <Option Name="TargetConstrsFile" Val="$PSRCDIR/constrs_1/new/constrain.xdc"/>
      <Option Name="ConstrsType" Val="XDC"/>
    </Config>
  </FileSet>
  <Strategy Version="1" Minor="2">
    <StratHandle Name="Vivado Implementation Defaults" Flow="Vivado Implementation 2017"/>
    <Step Id="init_design"/>
    <Step Id="opt_design"/>
    <Step Id="power_opt_design"/>
    <Step Id="place_design"/>
    <Step Id="post_place_power_opt_design"/>
    <Step Id="phys_opt_design"/>
    <Step Id="route_design"/>
    <Step Id="post_route_phys_opt_design"/>
    <Step Id="write_bitstream"/>
  </Strategy>
  <BlockFileSet Type="BlockSrcs" Name="link_Ifetc32_0_0"/>
  <BlockFileSet Type="BlockSrcs" Name="link_MemOrIO_0_0"/>
  <BlockFileSet Type="BlockSrcs" Name="link_Idecode32_0_1"/>
  <BlockFileSet Type="BlockSrcs" Name="link_switchs_0_0"/>
  <BlockFileSet Type="BlockSrcs" Name="link_Executs32_0_0"/>
  <BlockFileSet Type="BlockSrcs" Name="link_leds_0_0"/>
  <BlockFileSet Type="BlockSrcs" Name="link_dmemory32_0_1"/>
</GenRun>
