<?xml version="1.0" encoding="UTF-8"?>
<GenRun Id="synth_1" LaunchPart="xc7a100tfgg484-1" LaunchTime="1621351902">
  <File Type="PA-TCL" Name="main.tcl"/>
  <File Type="REPORTS-TCL" Name="main_reports.tcl"/>
  <File Type="RDS-RDS" Name="main.vds"/>
  <File Type="RDS-UTIL" Name="main_utilization_synth.rpt"/>
  <File Type="RDS-UTIL-PB" Name="main_utilization_synth.pb"/>
  <File Type="RDS-DCP" Name="main.dcp"/>
  <FileSet Name="sources" Type="DesignSrcs" RelSrcDir="$PSRCDIR/sources_1">
    <Filter Type="Srcs"/>
    <File Path="$PSRCDIR/sources_1/ip/RAM/RAM.xci">
      <FileInfo>
        <Attr Name="ImportPath" Val="$PPRDIR/../../../大二下/computer organization/Proj-test/ProjTest/ProjTest.srcs/sources_1/ip/RAM/RAM.xci"/>
        <Attr Name="ImportTime" Val="1621168667"/>
        <Attr Name="UsedIn" Val="synthesis"/>
        <Attr Name="UsedIn" Val="implementation"/>
        <Attr Name="UsedIn" Val="simulation"/>
      </FileInfo>
    </File>
    <File Path="$PSRCDIR/sources_1/ip/prgrom/prgrom.xci">
      <FileInfo>
        <Attr Name="ImportPath" Val="$PPRDIR/../../../大二下/computer organization/Proj-test/ProjTest/ProjTest.srcs/sources_1/ip/prgrom/prgrom.xci"/>
        <Attr Name="ImportTime" Val="1621262433"/>
        <Attr Name="UsedIn" Val="synthesis"/>
        <Attr Name="UsedIn" Val="implementation"/>
        <Attr Name="UsedIn" Val="simulation"/>
      </FileInfo>
    </File>
    <File Path="$PSRCDIR/sources_1/ip/cpuclk/cpuclk.xci">
      <FileInfo>
        <Attr Name="ImportPath" Val="$PPRDIR/../../../大二下/computer organization/project/top_test/top/top.srcs/sources_1/ip/cpuclk/cpuclk.xci"/>
        <Attr Name="ImportTime" Val="1621505340"/>
        <Attr Name="UsedIn" Val="synthesis"/>
        <Attr Name="UsedIn" Val="implementation"/>
        <Attr Name="UsedIn" Val="simulation"/>
      </FileInfo>
    </File>
    <File Path="$PSRCDIR/sources_1/new/Executs32.v">
      <FileInfo>
        <Attr Name="ImportPath" Val="$PPRDIR/../../../大二下/computer organization/Proj-test/ProjTest/ProjTest.srcs/sources_1/new/Executs32.v"/>
        <Attr Name="ImportTime" Val="1621004862"/>
        <Attr Name="UsedIn" Val="synthesis"/>
        <Attr Name="UsedIn" Val="implementation"/>
        <Attr Name="UsedIn" Val="simulation"/>
      </FileInfo>
    </File>
    <File Path="$PSRCDIR/sources_1/new/IFetc32.v">
      <FileInfo>
        <Attr Name="ImportPath" Val="$PPRDIR/../../../大二下/computer organization/Proj-test/ProjTest/ProjTest.srcs/sources_1/new/IFetc32.v"/>
        <Attr Name="ImportTime" Val="1621265720"/>
        <Attr Name="UsedIn" Val="synthesis"/>
        <Attr Name="UsedIn" Val="implementation"/>
        <Attr Name="UsedIn" Val="simulation"/>
      </FileInfo>
    </File>
    <File Path="$PSRCDIR/sources_1/new/Idecoder32.v">
      <FileInfo>
        <Attr Name="ImportPath" Val="$PPRDIR/../../../大二下/computer organization/Proj-test/ProjTest/ProjTest.srcs/sources_1/new/Idecoder32.v"/>
        <Attr Name="ImportTime" Val="1620380493"/>
        <Attr Name="UsedIn" Val="synthesis"/>
        <Attr Name="UsedIn" Val="implementation"/>
        <Attr Name="UsedIn" Val="simulation"/>
      </FileInfo>
    </File>
    <File Path="$PSRCDIR/sources_1/new/MemOrIO.v">
      <FileInfo>
        <Attr Name="ImportPath" Val="$PPRDIR/../../../大二下/computer organization/project/top_test/top/top.srcs/sources_1/new/MemOrIO.v"/>
        <Attr Name="ImportTime" Val="1621496209"/>
        <Attr Name="UsedIn" Val="synthesis"/>
        <Attr Name="UsedIn" Val="implementation"/>
        <Attr Name="UsedIn" Val="simulation"/>
      </FileInfo>
    </File>
    <File Path="$PSRCDIR/sources_1/new/controller.v">
      <FileInfo>
        <Attr Name="ImportPath" Val="$PPRDIR/../../../大二下/computer organization/Proj-test/ProjTest/ProjTest.srcs/sources_1/new/controller.v"/>
        <Attr Name="ImportTime" Val="1620733870"/>
        <Attr Name="UsedIn" Val="synthesis"/>
        <Attr Name="UsedIn" Val="implementation"/>
        <Attr Name="UsedIn" Val="simulation"/>
      </FileInfo>
    </File>
    <File Path="$PSRCDIR/sources_1/new/dmemory32.v">
      <FileInfo>
        <Attr Name="ImportPath" Val="$PPRDIR/../../../大二下/computer organization/Proj-test/ProjTest/ProjTest.srcs/sources_1/new/dmemory32.v"/>
        <Attr Name="ImportTime" Val="1621217446"/>
        <Attr Name="UsedIn" Val="synthesis"/>
        <Attr Name="UsedIn" Val="implementation"/>
        <Attr Name="UsedIn" Val="simulation"/>
      </FileInfo>
    </File>
    <File Path="$PSRCDIR/sources_1/new/leds.v">
      <FileInfo>
        <Attr Name="ImportPath" Val="$PPRDIR/../../../大二下/computer organization/project/top_test/top/top.srcs/sources_1/new/leds.v"/>
        <Attr Name="ImportTime" Val="1621496209"/>
        <Attr Name="UsedIn" Val="synthesis"/>
        <Attr Name="UsedIn" Val="implementation"/>
        <Attr Name="UsedIn" Val="simulation"/>
      </FileInfo>
    </File>
    <File Path="$PSRCDIR/sources_1/new/switchs.v">
      <FileInfo>
        <Attr Name="ImportPath" Val="$PPRDIR/../../../大二下/computer organization/project/top_test/top/top.srcs/sources_1/new/switchs.v"/>
        <Attr Name="ImportTime" Val="1621496209"/>
        <Attr Name="UsedIn" Val="synthesis"/>
        <Attr Name="UsedIn" Val="implementation"/>
        <Attr Name="UsedIn" Val="simulation"/>
      </FileInfo>
    </File>
    <File Path="$PSRCDIR/sources_1/new/main.v">
      <FileInfo>
        <Attr Name="ImportPath" Val="$PPRDIR/../../../大二下/computer organization/Proj-test/ProjTest/ProjTest.srcs/sources_1/new/main.v"/>
        <Attr Name="ImportTime" Val="1621266736"/>
        <Attr Name="UsedIn" Val="synthesis"/>
        <Attr Name="UsedIn" Val="implementation"/>
        <Attr Name="UsedIn" Val="simulation"/>
      </FileInfo>
    </File>
    <File Path="$PPRDIR/../../../大二下/computer organization/project/top_test/top/top.srcs/sources_1/new/control32.v">
      <FileInfo>
        <Attr Name="AutoDisabled" Val="1"/>
        <Attr Name="UsedIn" Val="synthesis"/>
        <Attr Name="UsedIn" Val="implementation"/>
        <Attr Name="UsedIn" Val="simulation"/>
      </FileInfo>
    </File>
    <File Path="$PSRCDIR/sources_1/bd/link/link.bd">
      <FileInfo>
        <Attr Name="AutoDisabled" Val="1"/>
        <Attr Name="ImportPath" Val="$PPRDIR/../../../大二下/computer organization/Proj-test/ProjTest/ProjTest.srcs/sources_1/bd/link/link.bd"/>
        <Attr Name="ImportTime" Val="1621177133"/>
        <Attr Name="UsedIn" Val="synthesis"/>
        <Attr Name="UsedIn" Val="implementation"/>
        <Attr Name="UsedIn" Val="simulation"/>
      </FileInfo>
    </File>
    <File Path="$PSRCDIR/sources_1/new/proj_test.v">
      <FileInfo>
        <Attr Name="AutoDisabled" Val="1"/>
        <Attr Name="ImportPath" Val="$PPRDIR/../../../大二下/computer organization/Proj-test/ProjTest/ProjTest.srcs/sources_1/new/proj_test.v"/>
        <Attr Name="ImportTime" Val="1621168140"/>
        <Attr Name="UsedIn" Val="synthesis"/>
        <Attr Name="UsedIn" Val="implementation"/>
        <Attr Name="UsedIn" Val="simulation"/>
      </FileInfo>
    </File>
    <File Path="$PSRCDIR/sources_1/ip/RAM/dmem32.coe">
      <FileInfo>
        <Attr Name="ImportPath" Val="$PPRDIR/../../../大二下/computer organization/Proj-test/ProjTest/ProjTest.srcs/sources_1/ip/RAM/dmem32.coe"/>
        <Attr Name="ImportTime" Val="1621262343"/>
        <Attr Name="UsedIn" Val="synthesis"/>
        <Attr Name="UsedIn" Val="simulation"/>
      </FileInfo>
    </File>
    <File Path="$PSRCDIR/sources_1/ip/prgrom/prgmip32.coe">
      <FileInfo>
        <Attr Name="ImportPath" Val="$PPRDIR/../../../大二下/computer organization/Proj-test/ProjTest/ProjTest.srcs/sources_1/ip/prgrom/prgmip32.coe"/>
        <Attr Name="ImportTime" Val="1621264018"/>
        <Attr Name="UsedIn" Val="synthesis"/>
        <Attr Name="UsedIn" Val="simulation"/>
      </FileInfo>
    </File>
    <File Path="$PSRCDIR/sources_1/ip/prgrom/prgmip32a.coe">
      <FileInfo>
        <Attr Name="ImportPath" Val="$PPRDIR/../../../大二下/computer organization/Proj-test/ProjTest/ProjTest.srcs/sources_1/ip/prgrom/prgmip32a.coe"/>
        <Attr Name="ImportTime" Val="1621180767"/>
        <Attr Name="UsedIn" Val="synthesis"/>
        <Attr Name="UsedIn" Val="simulation"/>
      </FileInfo>
    </File>
    <Config>
      <Option Name="DesignMode" Val="RTL"/>
      <Option Name="TopModule" Val="main"/>
      <Option Name="TopAutoSet" Val="TRUE"/>
    </Config>
  </FileSet>
  <FileSet Name="constrs_in" Type="Constrs" RelSrcDir="$PSRCDIR/constrs_1">
    <Filter Type="Constrs"/>
    <File Path="$PSRCDIR/constrs_1/new/constrain.xdc">
      <FileInfo>
        <Attr Name="ImportPath" Val="$PPRDIR/../../../大二下/computer organization/project/top_test/top/top.srcs/constrs_1/new/constrain.xdc"/>
        <Attr Name="ImportTime" Val="1621496209"/>
        <Attr Name="UsedIn" Val="synthesis"/>
        <Attr Name="UsedIn" Val="implementation"/>
      </FileInfo>
    </File>
    <Config>
      <Option Name="TargetConstrsFile" Val="$PSRCDIR/constrs_1/new/constrain.xdc"/>
      <Option Name="ConstrsType" Val="XDC"/>
    </Config>
  </FileSet>
  <Strategy Version="1" Minor="2">
    <StratHandle Name="Vivado Synthesis Defaults" Flow="Vivado Synthesis 2017"/>
    <Step Id="synth_design"/>
  </Strategy>
  <BlockFileSet Type="BlockSrcs" Name="link_Ifetc32_0_0"/>
  <BlockFileSet Type="BlockSrcs" Name="link_MemOrIO_0_0"/>
  <BlockFileSet Type="BlockSrcs" Name="link_Idecode32_0_1"/>
  <BlockFileSet Type="BlockSrcs" Name="link_switchs_0_0"/>
  <BlockFileSet Type="BlockSrcs" Name="link_Executs32_0_0"/>
  <BlockFileSet Type="BlockSrcs" Name="link_leds_0_0"/>
  <BlockFileSet Type="BlockSrcs" Name="link_dmemory32_0_1"/>
</GenRun>
