<?xml version="1.0" encoding="UTF-8"?>
<GenRun Id="programrom_synth_1" LaunchPart="xc7a100tfgg484-1" LaunchTime="1621518147">
  <File Type="PA-TCL" Name="programrom.tcl"/>
  <File Type="RDS-PROPCONSTRS" Name="programrom_drc_synth.rpt"/>
  <File Type="REPORTS-TCL" Name="programrom_reports.tcl"/>
  <File Type="RDS-RDS" Name="programrom.vds"/>
  <File Type="RDS-UTIL" Name="programrom_utilization_synth.rpt"/>
  <File Type="RDS-UTIL-PB" Name="programrom_utilization_synth.pb"/>
  <File Type="RDS-DCP" Name="programrom.dcp"/>
  <File Type="VDS-TIMINGSUMMARY" Name="programrom_timing_summary_synth.rpt"/>
  <File Type="VDS-TIMING-PB" Name="programrom_timing_summary_synth.pb"/>
  <FileSet Name="sources" Type="BlockSrcs" RelSrcDir="$PSRCDIR/programrom">
    <File Path="$PPRDIR/../top_test/top/top.srcs/sources_1/programrom/programrom.xci">
      <FileInfo>
        <Attr Name="UsedIn" Val="synthesis"/>
        <Attr Name="UsedIn" Val="implementation"/>
        <Attr Name="UsedIn" Val="simulation"/>
      </FileInfo>
    </File>
    <Config>
      <Option Name="TopModule" Val="programrom"/>
      <Option Name="UseBlackboxStub" Val="1"/>
    </Config>
  </FileSet>
  <FileSet Name="constrs_in" Type="BlockSrcs" RelSrcDir="$PSRCDIR/programrom">
    <File Path="$PPRDIR/../top_test/top/top.srcs/sources_1/programrom/programrom.xci">
      <FileInfo>
        <Attr Name="UsedIn" Val="synthesis"/>
        <Attr Name="UsedIn" Val="implementation"/>
        <Attr Name="UsedIn" Val="simulation"/>
      </FileInfo>
    </File>
    <Config>
      <Option Name="TopModule" Val="programrom"/>
      <Option Name="UseBlackboxStub" Val="1"/>
    </Config>
  </FileSet>
  <Strategy Version="1" Minor="2">
    <StratHandle Name="Vivado Synthesis Defaults" Flow="Vivado Synthesis 2017">
      <Desc>Vivado Synthesis Defaults</Desc>
    </StratHandle>
    <Step Id="synth_design"/>
  </Strategy>
</GenRun>
